ID,Behavior,Time
EM01_WD2,A = LOCOMOTION,1.06641
EM01_WD2,W = REARED SNIFF,8.0625
EM01_WD2,J = DIGGING,0.60546
EM01_WD2,W = REARED SNIFF,6.46484
EM01_WD2,A = LOCOMOTION,5.00781
EM01_WD2,A = LOCOMOTION,0.31641
EM01_WD2,J = DIGGING,0.66797
EM01_WD2,W = REARED SNIFF,5.33203
EM01_WD2,A = LOCOMOTION,0.85547
EM01_WD2,A = LOCOMOTION,0.01953
EM01_WD2,W = REARED SNIFF,11.41016
EM01_WD2,J = DIGGING,0.91797
EM01_WD2,A = LOCOMOTION,0.5625
EM01_WD2,W = REARED SNIFF,5.80469
EM01_WD2,A = LOCOMOTION,0.70313
EM01_WD2,H = JUMPING,0.09765
EM01_WD2,W = REARED SNIFF,9.53125
EM01_WD2,S = SCRATCHING,0.44532
EM01_WD2,D = GROOMING,0.38281
EM01_WD2,F = CHEWING,1.41406
EM01_WD2,L = SHAKING,1.59375
EM01_WD2,D = GROOMING,1.8125
EM01_WD2,J = DIGGING,0.09375
EM01_WD2,J = DIGGING,1.85547
EM01_WD2,S = SCRATCHING,0.44531
EM01_WD2,F = CHEWING,1.38672
EM01_WD2,W = REARED SNIFF,4.76953
EM01_WD2,A = LOCOMOTION,0.31641
EM01_WD2,W = REARED SNIFF,4.43359
EM01_WD2,E = AGITATION OTHER,0.57422
EM01_WD2,W = REARED SNIFF,9.47655
EM01_WD2,E = AGITATION OTHER,0.7617
EM01_WD2,W = REARED SNIFF,2.1915
EM01_WD2,W = REARED SNIFF,0.7969
EM01_WD2,H = JUMPING,0.0938
EM01_WD2,W = REARED SNIFF,4.5664
EM01_WD2,W = REARED SNIFF,3.9102
EM01_WD2,W = REARED SNIFF,2.7852
EM01_WD2,W = REARED SNIFF,11.8125
EM01_WD2,A = LOCOMOTION,0.8945
EM01_WD2,W = REARED SNIFF,4.707
EM01_WD2,A = LOCOMOTION,0.8125
EM01_WD2,W = REARED SNIFF,12.8633
EM01_WD2,W = REARED SNIFF,4.0156
EM01_WD2,E = AGITATION OTHER,0.7031
EM01_WD2,W = REARED SNIFF,3.0078
EM01_WD2,W = REARED SNIFF,14.1485
EM01_WD2,J = DIGGING,0.6641
EM01_WD2,A = LOCOMOTION,0.3477
EM01_WD2,S = SCRATCHING,2.2422
EM01_WD2,F = CHEWING,1.4805
EM01_WD2,S = SCRATCHING,0.125
EM01_WD2,S = SCRATCHING,1.9062
EM01_WD2,F = CHEWING,0.5664
EM01_WD2,J = DIGGING,3.9141
EM01_WD2,W = REARED SNIFF,11.9102
EM01_WD2,A = LOCOMOTION,0.5429
EM01_WD2,W = REARED SNIFF,6.379
EM01_WD2,L = SHAKING,1.9336
EM01_WD2,W = REARED SNIFF,0.5
EM01_WD2,W = REARED SNIFF,10.7539
EM01_WD2,S = SCRATCHING,0.9531
EM01_WD2,F = CHEWING,0.1914
EM01_WD2,F = CHEWING,2.0664
EM01_WD2,S = SCRATCHING,0.8281
EM01_WD2,F = CHEWING,1.0195
EM01_WD2,D = GROOMING,13.1211
EM01_WD2,D = GROOMING,1.5977
EM01_WD2,A = LOCOMOTION,1.4297
EM01_WD2,W = REARED SNIFF,17.9765
EM01_WD2,W = REARED SNIFF,2.7968
EM01_WD2,W = REARED SNIFF,2.9297
EM01_WD2,S = SCRATCHING,0.5078
EM01_WD2,W = REARED SNIFF,1.4415
EM01_WD2,F = CHEWING,3.0235
EM01_WD2,D = GROOMING,1.543
EM01_WD2,F = CHEWING,2.0508
EM01_WD2,F = CHEWING,0.5703
EM01_WD2,D = GROOMING,1.5117
EM01_WD2,F = CHEWING,2.2852
EM01_WD2,D = GROOMING,3.539
EM01_WD2,D = GROOMING,4.0547
EM01_WD2,F = CHEWING,1.7773
EM01_WD2,D = GROOMING,2.1875
EM01_WD2,D = GROOMING,5.7578
EM01_WD2,W = REARED SNIFF,6.7735
EM01_WD2,W = REARED SNIFF,16.3633
EM01_WD2,A = LOCOMOTION,0.5703
EM01_WD2,W = REARED SNIFF,5.3008
EM01_WD2,A = LOCOMOTION,5.9414
EM01_WD2,W = REARED SNIFF,4.1835
EM01_WD2,W = REARED SNIFF,6.0469
EM01_WD2,A = LOCOMOTION,0.8906
EM01_WD2,W = REARED SNIFF,0.7969
EM01_WD2,W = REARED SNIFF,5.168
EM01_WD2,J = DIGGING,1.2656
EM01_WD2,W = REARED SNIFF,1.3672
EM01_WD2,A = LOCOMOTION,1.2891
EM01_WD2,W = REARED SNIFF,0.9219
EM01_WD2,W = REARED SNIFF,13.6055
EM01_WD2,W = REARED SNIFF,0.7656
EM01_WD2,W = REARED SNIFF,15.6094
EM01_WD2,W = REARED SNIFF,4.7031
EM01_WD2,S = SCRATCHING,1.3008
EM01_WD2,F = CHEWING,1.8047
EM01_WD2,L = SHAKING,1.5586
EM01_WD2,D = GROOMING,3.9688
EM01_WD2,F = CHEWING,0.7344
EM01_WD2,D = GROOMING,5.3203
EM01_WD2,F = CHEWING,5.5859
EM01_WD2,S = SCRATCHING,0.125
EM01_WD2,D = GROOMING,3.8125
EM01_WD2,F = CHEWING,1.9375
EM01_WD2,D = GROOMING,2.5547
EM01_WD2,F = CHEWING,0.0313
EM01_WD2,D = GROOMING,4.1993
EM01_WD2,D = GROOMING,8.1836
EM01_WD2,F = CHEWING,2.1289
EM01_WD2,D = GROOMING,3.6446
EM01_WD2,K = TWITCHING,0.2579
EM01_WD2,K = TWITCHING,0.8203
EM01_WD2,L = SHAKING,0.3515
EM01_WD2,D = GROOMING,6.1289
EM02_WD2,W = REARED SNIFF,0.757813
EM02_WD2,A = LOCOMOTION,1.761719
EM02_WD2,W = REARED SNIFF,3.726562
EM02_WD2,W = REARED SNIFF,1.234371
EM02_WD2,S = SCRATCHING,1.87109
EM02_WD2,F = CHEWING,0.1875
EM02_WD2,W = REARED SNIFF,2.10937
EM02_WD2,W = REARED SNIFF,10.32422
EM02_WD2,A = LOCOMOTION,1.51953
EM02_WD2,S = SCRATCHING,1.33594
EM02_WD2,F = CHEWING,0.15625
EM02_WD2,F = CHEWING,0.57031
EM02_WD2,W = REARED SNIFF,1.12891
EM02_WD2,A = LOCOMOTION,0.22265
EM02_WD2,W = REARED SNIFF,1.20312
EM02_WD2,A = LOCOMOTION,0.11328
EM02_WD2,W = REARED SNIFF,3.45313
EM02_WD2,W = REARED SNIFF,5.10156
EM02_WD2,A = LOCOMOTION,0.54687
EM02_WD2,W = REARED SNIFF,0.34766
EM02_WD2,S = SCRATCHING,1.23438
EM02_WD2,F = CHEWING,0.28516
EM02_WD2,F = CHEWING,2.0625
EM02_WD2,S = SCRATCHING,0.88671
EM02_WD2,A = LOCOMOTION,1.41406
EM02_WD2,G = EATING,8.58594
EM02_WD2,W = REARED SNIFF,0.76563
EM02_WD2,G = EATING,0.41407
EM02_WD2,W = REARED SNIFF,3.89453
EM02_WD2,W = REARED SNIFF,0.06641
EM02_WD2,S = SCRATCHING,0.69922
EM02_WD2,D = GROOMING,2.53516
EM02_WD2,S = SCRATCHING,3.13282
EM02_WD2,W = REARED SNIFF,2.1211
EM02_WD2,W = REARED SNIFF,12.34762
EM02_WD2,S = SCRATCHING,1.1406
EM02_WD2,A = LOCOMOTION,0.3476
EM02_WD2,W = REARED SNIFF,0.1875
EM02_WD2,F = CHEWING,2.1797
EM02_WD2,F = CHEWING,1.8242
EM02_WD2,D = GROOMING,0.5742
EM02_WD2,F = CHEWING,3.4687
EM02_WD2,W = REARED SNIFF,0.664
EM02_WD2,A = LOCOMOTION,0.9062
EM02_WD2,W = REARED SNIFF,1.4219
EM02_WD2,W = REARED SNIFF,0.6406
EM02_WD2,A = LOCOMOTION,0.6016
EM02_WD2,W = REARED SNIFF,4.7891
EM02_WD2,W = REARED SNIFF,4.9844
EM02_WD2,S = SCRATCHING,0.9063
EM02_WD2,F = CHEWING,0.4804
EM02_WD2,S = SCRATCHING,0.5391
EM02_WD2,F = CHEWING,0.4765
EM02_WD2,W = REARED SNIFF,0.8125
EM02_WD2,A = LOCOMOTION,0.7305
EM02_WD2,W = REARED SNIFF,4.3671
EM02_WD2,W = REARED SNIFF,13.6523
EM02_WD2,G = EATING,0.6015
EM02_WD2,W = REARED SNIFF,2.2383
EM02_WD2,D = GROOMING,1.3359
EM02_WD2,A = LOCOMOTION,0.5898
EM02_WD2,D = GROOMING,0.75
EM02_WD2,F = CHEWING,4.4492
EM02_WD2,D = GROOMING,1.4961
EM02_WD2,A = LOCOMOTION,0.1562
EM02_WD2,W = REARED SNIFF,20.1093
EM02_WD2,A = LOCOMOTION,0.3789
EM02_WD2,D = GROOMING,0.0664
EM02_WD2,F = CHEWING,5.9335
EM02_WD2,F = CHEWING,0.3476
EM02_WD2,D = GROOMING,10.293
EM02_WD2,F = CHEWING,3.2891
EM02_WD2,D = GROOMING,3.375
EM02_WD2,S = SCRATCHING,0.2227
EM02_WD2,F = CHEWING,11.125
EM02_WD2,F = CHEWING,1.4922
EM02_WD2,F = CHEWING,0.0977
EM02_WD2,D = GROOMING,0.9492
EM02_WD2,F = CHEWING,2.9375
EM02_WD2,S = SCRATCHING,0.5429
EM02_WD2,F = CHEWING,0.3476
EM02_WD2,S = SCRATCHING,0.5079
EM02_WD2,F = CHEWING,0.2539
EM02_WD2,S = SCRATCHING,0.5117
EM02_WD2,F = CHEWING,0.1914
EM02_WD2,S = SCRATCHING,1.1718
EM02_WD2,F = CHEWING,0.1602
EM02_WD2,S = SCRATCHING,0.7305
EM02_WD2,F = CHEWING,0.1914
EM02_WD2,J = DIGGING,0.9219
EM02_WD2,J = DIGGING,1.2109
EM02_WD2,J = DIGGING,0.5703
EM02_WD2,S = SCRATCHING,0.6367
EM02_WD2,S = SCRATCHING,0.4453
EM02_WD2,W = REARED SNIFF,11.5078
EM02_WD2,G = EATING,5.5977
EM02_WD2,W = REARED SNIFF,4.4102
EM02_WD2,S = SCRATCHING,0.8281
EM02_WD2,F = CHEWING,1.3008
EM02_WD2,D = GROOMING,4.4843
EM02_WD2,D = GROOMING,0.4453
EM02_WD2,D = GROOMING,0.4179
EM02_WD2,F = CHEWING,2.3477
EM02_WD2,D = GROOMING,0.4765
EM02_WD2,F = CHEWING,0.2226
EM02_WD2,W = REARED SNIFF,4.1172
EM02_WD2,W = REARED SNIFF,1.1367
EM02_WD2,D = GROOMING,0.4141
EM02_WD2,S = SCRATCHING,0.1563
EM02_WD2,S = SCRATCHING,2.8907
EM02_WD2,A = LOCOMOTION,0.4179
EM02_WD2,W = REARED SNIFF,3.5274
EM02_WD2,G = EATING,0.8281
EM02_WD2,J = DIGGING,0.1562
EM02_WD2,J = DIGGING,0.9531
EM02_WD2,G = EATING,0.2851
EM02_WD2,W = REARED SNIFF,5.8242
EM02_WD2,J = DIGGING,1.5235
EM02_WD2,A = LOCOMOTION,0.6367
EM02_WD2,W = REARED SNIFF,11.3594
EM02_WD2,W = REARED SNIFF,2.1796
EM02_WD2,W = REARED SNIFF,0.1601
EM02_WD2,S = SCRATCHING,0.6367
EM02_WD2,F = CHEWING,0.0938
EM02_WD2,F = CHEWING,1.2344
EM02_WD2,D = GROOMING,1.2891
EM02_WD2,J = DIGGING,0.2852
EM02_WD2,J = DIGGING,2.4453
EM02_WD2,J = DIGGING,2.75
EM02_WD2,H = JUMPING,0.4141
EM02_WD2,G = EATING,2.2695
EM02_WD2,G = EATING,0.4766
EM02_WD2,L = SHAKING,0.207
EM02_WD2,K = TWITCHING,1.3359
EM02_WD2,W = REARED SNIFF,1.2539
EM02_WD2,W = REARED SNIFF,0.6367
EM02_WD2,W = REARED SNIFF,13.6797
EM02_WD2,A = LOCOMOTION,0.5703
EM02_WD2,W = REARED SNIFF,1.7149
EM02_WD2,G = EATING,0.4804
EM02_WD2,F = CHEWING,5.3008
EM02_WD2,W = REARED SNIFF,8.7265
EM02_WD2,S = SCRATCHING,0.4141
EM02_WD2,F = CHEWING,0.2851
EM02_WD2,S = SCRATCHING,0.7305
EM02_WD2,F = CHEWING,0.2891
EM02_WD2,S = SCRATCHING,0.6016
EM02_WD2,F = CHEWING,0.129
EM02_WD2,S = SCRATCHING,1.9062
EM02_WD2,W = REARED SNIFF,2.832
EM02_WD2,S = SCRATCHING,0.4765
EM02_WD2,W = REARED SNIFF,0.5391
EM02_WD2,F = CHEWING,0.5742
EM02_WD2,S = SCRATCHING,0.6679
EM02_WD2,F = CHEWING,0.5078
EM02_WD2,S = SCRATCHING,0.3515
EM02_WD2,F = CHEWING,0.2539
EM02_WD2,W = REARED SNIFF,0.2891
EM02_WD2,F = CHEWING,0.5118
EM02_WD2,W = REARED SNIFF,6.0078
EM02_WD2,A = LOCOMOTION,0.0937
EM02_WD2,W = REARED SNIFF,6.6055
EM02_WD2,S = SCRATCHING,0.5117
EM02_WD2,D = GROOMING,3.0351
EM02_WD2,S = SCRATCHING,0.1875
EM02_WD2,W = REARED SNIFF,6.1055
EM02_WD2,S = SCRATCHING,0.125
EM02_WD2,W = REARED SNIFF,2.5899
EM02_WD2,A = LOCOMOTION,0.1563
EM02_WD2,W = REARED SNIFF,6.9063
EM02_WD2,S = SCRATCHING,1.0508
EM02_WD2,W = REARED SNIFF,6.043
EM02_WD2,S = SCRATCHING,0.2227
EM02_WD2,W = REARED SNIFF,11.0469
EM02_WD2,D = GROOMING,3.6133
EM02_WD2,F = CHEWING,7.1132
EM02_WD2,D = GROOMING,2.0976
EM02_WD2,W = REARED SNIFF,3.1133
EM02_WD2,W = REARED SNIFF,18.0704
EM02_WD2,A = LOCOMOTION,0.0976
EM02_WD2,A = LOCOMOTION,1.0312
EM02_WD2,W = REARED SNIFF,14.5117
EM02_WD2,S = SCRATCHING,2.4141
EM02_WD2,F = CHEWING,0.0625
EM02_WD2,F = CHEWING,0.7305
EM02_WD2,S = SCRATCHING,0.2852
EM02_WD2,F = CHEWING,0.125
EM02_WD2,J = DIGGING,1.9453
EM07_WD2,W = REARED SNIFF,0.097657
EM07_WD2,W = REARED SNIFF,2.484375
EM07_WD2,A = LOCOMOTION,1.332031
EM07_WD2,W = REARED SNIFF,6.578121
EM07_WD2,W = REARED SNIFF,0.25
EM07_WD2,F = CHEWING,0.91796
EM07_WD2,W = REARED SNIFF,1.67969
EM07_WD2,A = LOCOMOTION,0.41015
EM07_WD2,W = REARED SNIFF,0.72656
EM07_WD2,A = LOCOMOTION,0.15625
EM07_WD2,W = REARED SNIFF,0.125
EM07_WD2,H = JUMPING,0.09375
EM07_WD2,H = JUMPING,0.0664
EM07_WD2,W = REARED SNIFF,5.50781
EM07_WD2,W = REARED SNIFF,0.65234
EM07_WD2,A = LOCOMOTION,0.59766
EM07_WD2,W = REARED SNIFF,11.38672
EM07_WD2,A = LOCOMOTION,0.5664
EM07_WD2,W = REARED SNIFF,1.05859
EM07_WD2,H = JUMPING,0.09375
EM07_WD2,W = REARED SNIFF,4.8125
EM07_WD2,G = EATING,3.00781
EM07_WD2,F = CHEWING,0.1875
EM07_WD2,D = GROOMING,1.23828
EM07_WD2,L = SHAKING,0.91797
EM07_WD2,W = REARED SNIFF,2.60156
EM07_WD2,F = CHEWING,2.86328
EM07_WD2,W = REARED SNIFF,1.39844
EM07_WD2,A = LOCOMOTION,0.34765
EM07_WD2,W = REARED SNIFF,16.02734
EM07_WD2,W = REARED SNIFF,0.3164
EM07_WD2,W = REARED SNIFF,4.24219
EM07_WD2,F = CHEWING,0.77343
EM07_WD2,A = LOCOMOTION,1.336
EM07_WD2,H = JUMPING,0.0976
EM07_WD2,A = LOCOMOTION,1.8828
EM07_WD2,A = LOCOMOTION,0.539
EM07_WD2,A = LOCOMOTION,0.2539
EM07_WD2,W = REARED SNIFF,5.8398
EM07_WD2,W = REARED SNIFF,2.9766
EM07_WD2,G = EATING,1.1679
EM07_WD2,F = CHEWING,0.3789
EM07_WD2,D = GROOMING,0.918
EM07_WD2,D = GROOMING,6.8125
EM07_WD2,G = EATING,0.4453
EM07_WD2,F = CHEWING,1.9883
EM07_WD2,D = GROOMING,2.5351
EM07_WD2,D = GROOMING,1.4258
EM07_WD2,G = EATING,0.2852
EM07_WD2,D = GROOMING,1.1406
EM07_WD2,A = LOCOMOTION,1.6445
EM07_WD2,S = SCRATCHING,0.9804
EM07_WD2,K = TWITCHING,0.6368
EM07_WD2,J = DIGGING,0.8243
EM07_WD2,W = REARED SNIFF,2.0859
EM07_WD2,A = LOCOMOTION,0.2539
EM07_WD2,W = REARED SNIFF,2.4375
EM07_WD2,W = REARED SNIFF,10.1679
EM07_WD2,A = LOCOMOTION,1.1562
EM07_WD2,W = REARED SNIFF,21.3867
EM07_WD2,W = REARED SNIFF,7.7305
EM07_WD2,G = EATING,2.4883
EM07_WD2,W = REARED SNIFF,4.7148
EM07_WD2,G = EATING,2.6601
EM07_WD2,W = REARED SNIFF,17.3437
EM07_WD2,W = REARED SNIFF,6.9219
EM07_WD2,W = REARED SNIFF,3.793
EM07_WD2,F = CHEWING,0.3164
EM07_WD2,G = EATING,1.6093
EM07_WD2,W = REARED SNIFF,0.5429
EM07_WD2,A = LOCOMOTION,0.4102
EM07_WD2,W = REARED SNIFF,3.9453
EM07_WD2,A = LOCOMOTION,0.5078
EM07_WD2,W = REARED SNIFF,20.9609
EM07_WD2,W = REARED SNIFF,0.539
EM07_WD2,F = CHEWING,1.7891
EM07_WD2,W = REARED SNIFF,0.4453
EM07_WD2,W = REARED SNIFF,2.957
EM07_WD2,W = REARED SNIFF,1.5977
EM07_WD2,W = REARED SNIFF,10.7617
EM07_WD2,A = LOCOMOTION,1.4766
EM07_WD2,W = REARED SNIFF,4.0234
EM07_WD2,A = LOCOMOTION,0.2226
EM07_WD2,W = REARED SNIFF,2.375
EM07_WD2,A = LOCOMOTION,0.7773
EM07_WD2,W = REARED SNIFF,1.5859
EM07_WD2,L = SHAKING,0.6992
EM07_WD2,W = REARED SNIFF,2.8711
EM07_WD2,A = LOCOMOTION,0.8711
EM07_WD2,W = REARED SNIFF,1.6875
EM07_WD2,H = JUMPING,0.125
EM07_WD2,W = REARED SNIFF,9.6211
EM07_WD2,W = REARED SNIFF,21.7383
EM07_WD2,A = LOCOMOTION,0.6953
EM07_WD2,W = REARED SNIFF,1.1445
EM07_WD2,W = REARED SNIFF,14.4961
EM07_WD2,E = AGITATION OTHER,0.6992
EM07_WD2,F = CHEWING,1.0117
EM07_WD2,A = LOCOMOTION,1.2343
EM07_WD2,W = REARED SNIFF,20.5743
EM07_WD2,A = LOCOMOTION,1.2969
EM07_WD2,H = JUMPING,0.5703
EM07_WD2,W = REARED SNIFF,2.7891
EM07_WD2,F = CHEWING,1.7266
EM07_WD2,W = REARED SNIFF,3.8554
EM07_WD2,E = AGITATION OTHER,0.2227
EM07_WD2,W = REARED SNIFF,2.2656
EM07_WD2,A = LOCOMOTION,2.207
EM07_WD2,W = REARED SNIFF,3.7031
EM07_WD2,W = REARED SNIFF,12.8555
EM07_WD2,W = REARED SNIFF,14.3633
EM07_WD2,W = REARED SNIFF,13.3359
EM07_WD2,A = LOCOMOTION,1.3321
EM07_WD2,W = REARED SNIFF,3.0391
EM07_WD2,A = LOCOMOTION,0.6993
EM07_WD2,W = REARED SNIFF,1.5898
EM07_WD2,W = REARED SNIFF,4.1602
EM07_WD2,W = REARED SNIFF,5.3867
EM07_WD2,A = LOCOMOTION,0.2852
EM07_WD2,W = REARED SNIFF,6.664
EM07_WD2,E = AGITATION OTHER,2.3789
EM07_WD2,W = REARED SNIFF,0.2539
EM07_WD2,S = SCRATCHING,1.3281
EM07_WD2,F = CHEWING,1.0508
EM07_WD2,W = REARED SNIFF,13.9375
EM07_WD2,W = REARED SNIFF,1.582
EM07_WD2,A = LOCOMOTION,0.3164
EM07_WD2,W = REARED SNIFF,3.2813
EM07_WD2,A = LOCOMOTION,0.6641
EM07_WD2,J = DIGGING,2.6836
EM07_WD2,W = REARED SNIFF,3.7148
EM07_WD2,A = LOCOMOTION,0.7929
EM07_WD2,W = REARED SNIFF,18.8359
EM07_WD2,W = REARED SNIFF,7.7031
EM07_WD2,A = LOCOMOTION,0.2852
EM07_WD2,W = REARED SNIFF,1.1601
EM07_WD2,J = DIGGING,0.1562
EM07_WD2,W = REARED SNIFF,3.4414
EM07_WD2,A = LOCOMOTION,0.4726
EM07_WD2,W = REARED SNIFF,1.5742
EM07_WD2,H = JUMPING,0.0976
EM07_WD2,W = REARED SNIFF,19.0352
EM08_WD2,W = REARED SNIFF,2.664063
EM08_WD2,A = LOCOMOTION,1.207031
EM08_WD2,W = REARED SNIFF,5.433599
EM08_WD2,A = LOCOMOTION,0.25781
EM08_WD2,W = REARED SNIFF,14.98047
EM08_WD2,W = REARED SNIFF,2.47266
EM08_WD2,A = LOCOMOTION,0.16016
EM08_WD2,A = LOCOMOTION,0.53906
EM08_WD2,W = REARED SNIFF,2.51953
EM08_WD2,A = LOCOMOTION,0.22266
EM08_WD2,W = REARED SNIFF,2.96093
EM08_WD2,A = LOCOMOTION,1.48828
EM08_WD2,W = REARED SNIFF,5.13672
EM08_WD2,A = LOCOMOTION,0.38282
EM08_WD2,W = REARED SNIFF,4.91406
EM08_WD2,A = LOCOMOTION,0.41406
EM08_WD2,W = REARED SNIFF,6.39843
EM08_WD2,A = LOCOMOTION,0.37891
EM08_WD2,W = REARED SNIFF,4.05468
EM08_WD2,W = REARED SNIFF,15.23437
EM08_WD2,W = REARED SNIFF,5.39453
EM08_WD2,A = LOCOMOTION,1.42578
EM08_WD2,W = REARED SNIFF,30.67191
EM08_WD2,W = REARED SNIFF,13.6562
EM08_WD2,W = REARED SNIFF,7.2617
EM08_WD2,A = LOCOMOTION,1.5703
EM08_WD2,A = LOCOMOTION,1.5586
EM08_WD2,W = REARED SNIFF,1.0781
EM08_WD2,W = REARED SNIFF,6.4493
EM08_WD2,W = REARED SNIFF,3.0235
EM08_WD2,A = LOCOMOTION,0.332
EM08_WD2,W = REARED SNIFF,11.4922
EM08_WD2,A = LOCOMOTION,1.6836
EM08_WD2,A = LOCOMOTION,0.9492
EM08_WD2,W = REARED SNIFF,3.0078
EM08_WD2,A = LOCOMOTION,0.6015
EM08_WD2,W = REARED SNIFF,4.9882
EM08_WD2,E = AGITATION OTHER,0.6016
EM08_WD2,W = REARED SNIFF,15.3242
EM08_WD2,W = REARED SNIFF,2.375
EM08_WD2,W = REARED SNIFF,2.6289
EM08_WD2,J = DIGGING,0.1875
EM08_WD2,W = REARED SNIFF,3.6445
EM08_WD2,A = LOCOMOTION,0.9844
EM08_WD2,W = REARED SNIFF,0.5352
EM08_WD2,A = LOCOMOTION,0.1562
EM08_WD2,W = REARED SNIFF,0.8203
EM08_WD2,W = REARED SNIFF,15.1602
EM08_WD2,W = REARED SNIFF,12.5352
EM08_WD2,W = REARED SNIFF,0.2852
EM08_WD2,W = REARED SNIFF,4.7812
EM08_WD2,E = AGITATION OTHER,3.2656
EM08_WD2,W = REARED SNIFF,0.8555
EM08_WD2,W = REARED SNIFF,2.5664
EM08_WD2,A = LOCOMOTION,0.8711
EM08_WD2,W = REARED SNIFF,7.8633
EM08_WD2,A = LOCOMOTION,1
EM08_WD2,W = REARED SNIFF,10.5625
EM08_WD2,W = REARED SNIFF,14.4375
EM08_WD2,A = LOCOMOTION,1.5703
EM08_WD2,A = LOCOMOTION,1.3515
EM08_WD2,A = LOCOMOTION,1.0156
EM08_WD2,A = LOCOMOTION,1.0273
EM08_WD2,J = DIGGING,0.8711
EM08_WD2,W = REARED SNIFF,15.7226
EM08_WD2,W = REARED SNIFF,6.1015
EM08_WD2,W = REARED SNIFF,4.5937
EM08_WD2,W = REARED SNIFF,4.625
EM08_WD2,A = LOCOMOTION,1.0313
EM08_WD2,W = REARED SNIFF,3.0782
EM08_WD2,W = REARED SNIFF,16.1133
EM08_WD2,W = REARED SNIFF,30.4844
EM08_WD2,A = LOCOMOTION,0.0625
EM08_WD2,W = REARED SNIFF,2.5039
EM08_WD2,A = LOCOMOTION,1.1758
EM08_WD2,W = REARED SNIFF,0.1289
EM08_WD2,W = REARED SNIFF,23.9336
EM08_WD2,A = LOCOMOTION,1.3672
EM08_WD2,W = REARED SNIFF,11.9375
EM08_WD2,W = REARED SNIFF,0.7579
EM08_WD2,W = REARED SNIFF,12.9219
EM08_WD2,A = LOCOMOTION,0.8555
EM08_WD2,W = REARED SNIFF,2.2344
EM08_WD2,W = REARED SNIFF,16.6445
EM08_WD2,W = REARED SNIFF,6.918
EM08_WD2,A = LOCOMOTION,1.2539
EM08_WD2,W = REARED SNIFF,9.2539
EM08_WD2,A = LOCOMOTION,1.5977
EM08_WD2,W = REARED SNIFF,13.832
EM08_WD2,W = REARED SNIFF,4.3203
EM08_WD2,A = LOCOMOTION,0.4141
EM08_WD2,W = REARED SNIFF,2.0664
EM08_WD2,W = REARED SNIFF,18.8007
EM08_WD2,A = LOCOMOTION,0.7773
EM08_WD2,W = REARED SNIFF,2.1758
EM08_WD2,A = LOCOMOTION,0.3516
EM08_WD2,A = LOCOMOTION,0.9179
EM08_WD2,W = REARED SNIFF,20.0742
EM08_WD2,E = AGITATION OTHER,4.75
EM08_WD2,W = REARED SNIFF,0.2539
EM08_WD2,W = REARED SNIFF,0.6016
EM11_WD2,A = LOCOMOTION,1.203125
EM11_WD2,W = REARED SNIFF,11.1875
EM11_WD2,W = REARED SNIFF,4.7539
EM11_WD2,A = LOCOMOTION,3.25391
EM11_WD2,W = REARED SNIFF,13.24218
EM11_WD2,A = LOCOMOTION,2.64062
EM11_WD2,W = REARED SNIFF,9.82422
EM11_WD2,W = REARED SNIFF,15.76172
EM11_WD2,A = LOCOMOTION,2.32032
EM11_WD2,J = DIGGING,4.52734
EM11_WD2,W = REARED SNIFF,0.41015
EM11_WD2,W = REARED SNIFF,23.26949
EM11_WD2,A = LOCOMOTION,1.3516
EM11_WD2,W = REARED SNIFF,13.7734
EM11_WD2,W = REARED SNIFF,11.1445
EM11_WD2,A = LOCOMOTION,1.8477
EM11_WD2,W = REARED SNIFF,14.207
EM11_WD2,A = LOCOMOTION,0.4765
EM11_WD2,A = LOCOMOTION,0.6993
EM11_WD2,W = REARED SNIFF,15.7891
EM11_WD2,A = LOCOMOTION,0.7031
EM11_WD2,A = LOCOMOTION,2.8437
EM11_WD2,W = REARED SNIFF,4.6484
EM11_WD2,W = REARED SNIFF,1.7968
EM11_WD2,W = REARED SNIFF,3.9532
EM11_WD2,W = REARED SNIFF,0.5078
EM11_WD2,A = LOCOMOTION,0.2227
EM11_WD2,W = REARED SNIFF,2.0977
EM11_WD2,A = LOCOMOTION,1.2383
EM11_WD2,W = REARED SNIFF,0.8281
EM11_WD2,J = DIGGING,0.2891
EM11_WD2,W = REARED SNIFF,4.5507
EM11_WD2,A = LOCOMOTION,0.543
EM11_WD2,W = REARED SNIFF,16.1367
EM11_WD2,A = LOCOMOTION,2.0781
EM11_WD2,W = REARED SNIFF,11.3437
EM11_WD2,A = LOCOMOTION,1.9219
EM11_WD2,J = DIGGING,5.8789
EM11_WD2,W = REARED SNIFF,29.5898
EM11_WD2,A = LOCOMOTION,2.1485
EM11_WD2,W = REARED SNIFF,13.7265
EM11_WD2,D = GROOMING,0.793
EM11_WD2,W = REARED SNIFF,11.3125
EM11_WD2,A = LOCOMOTION,1.7461
EM11_WD2,W = REARED SNIFF,9.6992
EM11_WD2,A = LOCOMOTION,0.125
EM11_WD2,S = SCRATCHING,1.7696
EM11_WD2,W = REARED SNIFF,2.7343
EM11_WD2,W = REARED SNIFF,12.8477
EM11_WD2,W = REARED SNIFF,3.039
EM11_WD2,A = LOCOMOTION,0.3164
EM11_WD2,W = REARED SNIFF,15.9219
EM11_WD2,W = REARED SNIFF,4.6484
EM11_WD2,A = LOCOMOTION,0.7305
EM11_WD2,W = REARED SNIFF,18.668
EM11_WD2,W = REARED SNIFF,28.8516
EM11_WD2,A = LOCOMOTION,0.3476
EM11_WD2,W = REARED SNIFF,43.6641
EM11_WD2,A = LOCOMOTION,1.2852
EM11_WD2,W = REARED SNIFF,1.5508
EM11_WD2,W = REARED SNIFF,11.6289
EM11_WD2,W = REARED SNIFF,0.3281
EM11_WD2,W = REARED SNIFF,2.0507
EM11_WD2,W = REARED SNIFF,1.9102
EM11_WD2,W = REARED SNIFF,0.9062
EM11_WD2,D = GROOMING,2.8203
EM11_WD2,D = GROOMING,1.461
EM11_WD2,W = REARED SNIFF,1.2735
EM11_WD2,D = GROOMING,8.6758
EM11_WD2,S = SCRATCHING,0.9531
EM11_WD2,F = CHEWING,0.2539
EM11_WD2,D = GROOMING,0.7031
EM11_WD2,A = LOCOMOTION,1.1484
EM11_WD2,W = REARED SNIFF,24.7227
EM11_WD2,A = LOCOMOTION,0.1914
EM11_WD2,W = REARED SNIFF,19.4141
EM11_WD2,A = LOCOMOTION,0.6211
EM11_WD2,A = LOCOMOTION,0.4101
EM11_WD2,W = REARED SNIFF,11.6055
EM11_WD2,A = LOCOMOTION,0.6368
EM11_WD2,A = LOCOMOTION,1.8594
EM11_WD2,J = DIGGING,1.8008
EM11_WD2,W = REARED SNIFF,16.9766
EM12_WD2,W = REARED SNIFF,16.394535
EM12_WD2,A = LOCOMOTION,2.21094
EM12_WD2,W = REARED SNIFF,8.20703
EM12_WD2,A = LOCOMOTION,0.38281
EM12_WD2,W = REARED SNIFF,0.66797
EM12_WD2,W = REARED SNIFF,8.88672
EM12_WD2,A = LOCOMOTION,0.50391
EM12_WD2,A = LOCOMOTION,0.34766
EM12_WD2,A = LOCOMOTION,0.22265
EM12_WD2,W = REARED SNIFF,1.41406
EM12_WD2,W = REARED SNIFF,4.13281
EM12_WD2,W = REARED SNIFF,18.66407
EM12_WD2,A = LOCOMOTION,0.76562
EM12_WD2,J = DIGGING,0.92187
EM12_WD2,W = REARED SNIFF,9.69531
EM12_WD2,A = LOCOMOTION,0.22656
EM12_WD2,W = REARED SNIFF,10.53515
EM12_WD2,A = LOCOMOTION,1.58594
EM12_WD2,W = REARED SNIFF,2.69921
EM12_WD2,W = REARED SNIFF,6.7226
EM12_WD2,W = REARED SNIFF,2.1172
EM12_WD2,W = REARED SNIFF,4.9297
EM12_WD2,A = LOCOMOTION,0.6758
EM12_WD2,A = LOCOMOTION,0.4727
EM12_WD2,A = LOCOMOTION,0.6993
EM12_WD2,W = REARED SNIFF,6.2305
EM12_WD2,J = DIGGING,0.2539
EM12_WD2,W = REARED SNIFF,1.3984
EM12_WD2,A = LOCOMOTION,1.0508
EM12_WD2,A = LOCOMOTION,0.2539
EM12_WD2,W = REARED SNIFF,0.6015
EM12_WD2,W = REARED SNIFF,2.1797
EM12_WD2,W = REARED SNIFF,0.6055
EM12_WD2,A = LOCOMOTION,1.0195
EM12_WD2,A = LOCOMOTION,0.3204
EM12_WD2,W = REARED SNIFF,6.7382
EM12_WD2,W = REARED SNIFF,8.8008
EM12_WD2,W = REARED SNIFF,6.6329
EM12_WD2,A = LOCOMOTION,1.1289
EM12_WD2,W = REARED SNIFF,4.4453
EM12_WD2,W = REARED SNIFF,1.4804
EM12_WD2,W = REARED SNIFF,2.3203
EM12_WD2,W = REARED SNIFF,15.7734
EM12_WD2,W = REARED SNIFF,5.7656
EM12_WD2,A = LOCOMOTION,0.6328
EM12_WD2,W = REARED SNIFF,5.5156
EM12_WD2,A = LOCOMOTION,4.1054
EM12_WD2,J = DIGGING,0.129
EM12_WD2,S = SCRATCHING,0.8281
EM12_WD2,S = SCRATCHING,0.0156
EM12_WD2,F = CHEWING,0.6015
EM12_WD2,A = LOCOMOTION,1.3047
EM12_WD2,W = REARED SNIFF,14.7383
EM12_WD2,W = REARED SNIFF,11.2656
EM12_WD2,S = SCRATCHING,0.3203
EM12_WD2,D = GROOMING,3.2383
EM12_WD2,S = SCRATCHING,1.0821
EM12_WD2,F = CHEWING,1.4609
EM12_WD2,D = GROOMING,1.7032
EM12_WD2,K = TWITCHING,0.1953
EM12_WD2,K = TWITCHING,0.9532
EM12_WD2,W = REARED SNIFF,0.8906
EM12_WD2,W = REARED SNIFF,8.0977
EM12_WD2,W = REARED SNIFF,18.9492
EM12_WD2,J = DIGGING,0.4141
EM12_WD2,K = TWITCHING,1.7461
EM12_WD2,W = REARED SNIFF,7.3906
EM12_WD2,W = REARED SNIFF,7.9101
EM12_WD2,S = SCRATCHING,0.5391
EM12_WD2,D = GROOMING,0.5703
EM12_WD2,W = REARED SNIFF,4.5937
EM12_WD2,W = REARED SNIFF,13.6289
EM12_WD2,W = REARED SNIFF,9.9843
EM12_WD2,A = LOCOMOTION,3.8125
EM12_WD2,A = LOCOMOTION,0.3828
EM12_WD2,W = REARED SNIFF,11.7461
EM12_WD2,W = REARED SNIFF,2.8985
EM12_WD2,A = LOCOMOTION,1.7187
EM12_WD2,W = REARED SNIFF,16.0703
EM12_WD2,J = DIGGING,6.3047
EM12_WD2,A = LOCOMOTION,1.9258
EM12_WD2,J = DIGGING,1.9258
EM12_WD2,A = LOCOMOTION,0.6016
EM12_WD2,J = DIGGING,0.957
EM12_WD2,J = DIGGING,1.6836
EM12_WD2,W = REARED SNIFF,3.1172
EM12_WD2,W = REARED SNIFF,4.1992
EM12_WD2,S = SCRATCHING,0.4453
EM12_WD2,D = GROOMING,1.9532
EM12_WD2,S = SCRATCHING,0.4454
EM12_WD2,F = CHEWING,4.2617
EM12_WD2,F = CHEWING,0.5391
EM12_WD2,D = GROOMING,0.6953
EM12_WD2,A = LOCOMOTION,1.4297
EM12_WD2,W = REARED SNIFF,9.9843
EM12_WD2,S = SCRATCHING,1.9571
EM12_WD2,D = GROOMING,0.7813
EM12_WD2,K = TWITCHING,1.3477
EM12_WD2,K = TWITCHING,0.1914
EM12_WD2,W = REARED SNIFF,9.9414
EM12_WD2,W = REARED SNIFF,7.3125
EM12_WD2,W = REARED SNIFF,7.5547
EM12_WD2,W = REARED SNIFF,3.3828
EM12_WD2,W = REARED SNIFF,17.3985
EM12_WD2,W = REARED SNIFF,8.2149
EM12_WD2,W = REARED SNIFF,11.7891